EventName,DisasterType,City,Latitude,Longitude,Year,Fatalities,Injuries,InsuredCostMillions,Month,State
Bushfire - Black Thursday Victoria,Bushfire,Melbourne,-37.712608,144.495866,1851,12,,,2,Victoria
Bushfire - Red Tuesday,Bushfire,Melbourne,-37.813825,144.959165,1898,12,,,2,Victoria
Black Summer - New South Wales,Bushfire,New South Wales,-31.061251,147.255548,1,26,,1880000000,7,New South Wales
Black Summer - Queensland,Bushfire,Queensland,-20.83322,142.894144,1,,,70000000,9,Queensland
Black Summer - Victoria,Bushfire,Victoria,-37.508367,144.769126,1,5,,18600000,11,Victoria
Black Summer - South Australia,Bushfire,South Australia,-29.989555,136.206564,1,4,,186000000,11,South Australia
"Eastern Victorian bushfires, 2019",Bushfire,East Victoria,-37.384909,147.790291,1,,,36000000,3,Victoria
"Tathra bushfire, 2018",Bushfire,Tathra,-36.704251,150.02377,18,,,63516711,3,Australian Capital Territory
"South-west complex fires, 2018",Bushfire,South-west Victoria,-38.002183,141.902427,17,,,18972524,3,Victoria
Waroona-Yarloop Fire,Bushfire,"Waroona, Yarloop",-32.988123,115.748313,5,2,,71000000,1,Western Australia
Wye River - Jamieson track / Great Ocean Road Bushfire,Bushfire,Wye River,-38.773555,143.992362,19,,,120000000,12,Victoria
"Pinery fire, 2015",Bushfire,Pinery,-33.937512,138.702791,25,2,,61000000,11,South Australia
"Sampson Flat bushfire, 2015",Bushfire,Sampson Flat,-34.953285,138.81853,2,,,24900000,1,South Australia
"Bushfire – Perth Hills, Western Australia 2014",Bushfire,Perth,-31.945177,115.878321,12,1,,15000000,1,Western Australia
Bushfire - Victoria,Bushfire,"Stawell, Yea, Moondarra, Grampians, Kinglake and Anakie",-37.388994,144.505201,1,4,,22000000,1,Victoria
"Bushfire - Coonabarabran, 2013",Bushfire,Coonabarabran,-31.276825,149.287333,7,,,35000000,1,New South Wales
"Bushfire - Hazelwood open cut mine fire, Morwell",Bushfire,Morwell,-37.742667,146.795004,9,,,100000000,2,Victoria
"Dunalley and Tasmanian bushfires, 2013",Bushfire,"Dunalley, Forcett, Lake Repulse ",-42.652966,147.158253,1,1,,89000000,1,Tasmania
Bushfire - Augusta - Margaret River,Bushfire,Bunbury,-32.961902,116.137525,23,,,53000000,11,Western Australia
Bushfire - Perth Hill Bushfires,Bushfire,Perth,-31.680834,115.403598,5,,,35000000,2,Western Australia
"Bushfire - Black Saturday, Victoria",Bushfire,"Cooma (VIC) , Mount Gambier (VIC) , Warrnambool (VIC) , Wilsons Promontory , Melbourne",-37.637994,144.519516,7,173,,1070000000,2,Victoria
Bushfire - Boorabbin National Park,Bushfire,Kalgoorlie,-30.808283,121.365573,28,3,,,12,Western Australia
Bushfire - Great Divide Complex ,Bushfire,"Cooma (VIC) , Melbourne",-37.8136,144.9631,1,1,,,12,Victoria
Bushfire - Victoria,Bushfire,"Mount Gambier (VIC) , Wilsons Promontory , Melbourne",-37.388994,144.505201,31,4,,22400000,12,Victoria
Bushfire - Eyre Peninsula,Bushfire,Adelaide,-34.986605,138.384486,10,9,,27700000,1,South Australia
Bushfire - Canberra,Bushfire,Canberra (ACT),-35.264974,149.141399,18,4,,,1,Australian Capital Territory
"Bushfire - North-Eastern Victoria, Alpine Region",Bushfire,Cooma (VIC),-35.810362,149.298975,8,,,12000000,1,Victoria
Bushfire - Sydney,Bushfire,Sydney,-33.872063,151.174189,9,,,25000000,10,Australian Capital Territory
Bushfire - Black Christmas,Bushfire,"Dubbo , Sydney , Wollongong , Canberra (ACT)",-34.278068,149.969835,24,,,69000000,12,Australian Capital Territory
"Bushfire – Mt Ku-ring-gai, New South Wales 2000",Bushfire,Mt Ku-Ring-gai,-33.713659,151.289335,8,4,,,6,New South Wales
Bushfire - Linton (near Ballarat),Bushfire,Melbourne,-37.624644,145.00919,2,5,,,12,Northern Territory
"Bushfire - Sydney, Hunter, Pilliga",Bushfire,Sydney,-33.858419,151.178905,20,4,,,11,Northern Territory
Bushfire - Kangaroo Island,Bushfire,Kangaroo Island,-35.423574,136.914865,6,1,,17900000,12,South Australia
Bushfire - Dandenong Ranges and Mornington Peninsula,Bushfire,"Wilsons Promontory , Melbourne",-38.174782,145.260594,19,3,,29000000,1,Northern Territory
Bushfire - East Coast,Bushfire,Brisbane,-27.467217,153.057163,27,,,59100000,9,New South Wales
"Bushfire - North Coast, Hunter and Sydney",Bushfire,"Dubbo , Lismore (NSW) , Sydney",-31.868818,150.960456,27,4,,59000000,12,New South Wales
Bushfire - Western Sydney and Central Coast,Bushfire,Sydney,-33.852633,151.166832,16,2,,12000000,10,Northern Territory
Bushfire - Cootamundra and Deniliquin Regions,Bushfire,"Canberra (NSW) , Swan Hill (NSW)",-35.328995,146.309228,17,3,,,1,New South Wales
Bushfire - Central Victoria and Alpine Fires,Bushfire,"Cooma (VIC) , Mount Gambier (VIC) , Wilsons Promontory , Melbourne",-37.293156,145.092181,14,3,,,1,Victoria
Bushfire - North-Western Regions ,Bushfire,Bourke,-30.09,145.9375,1,4,,25000000,9,New South Wales
Bushfire - Ash Wednesday,Bushfire,"Wilsons Promontory , Adelaide , Melbourne",-37.423066,143.488281,16,75,,176000000,2,Northern Territory
Bushfire - Sydney and Southern Regions,Bushfire,Sydney,-33.913009,150.704277,1,3,,,1,Australian Capital Territory
Bushfire - Sydney and Wollongong,Bushfire,"Sydney , Wollongong",-34.191829,151.416539,3,5,,,11,Australian Capital Territory
Bushfire - Mount Lofty Ranges,Bushfire,Adelaide,-34.996748,138.67061,20,,,13000000,2,Northern Territory
Bushfire - Sydney and Region,Bushfire,Sydney,-33.528782,151.095311,1,5,,,12,Australian Capital Territory
Bushfire - Western Districts and Streatham ,Bushfire,Melbourne,-37.8136,144.9631,12,4,,9000000,2,Victoria
Bushfire - New South Wales 1974,Bushfire,"Bourke , Hillston , Swan Hill (NSW) , Sydney",-33.170939,146.560015,1,3,,,12,New South Wales
Bushfire - Lara and Melbourne Fringe,Bushfire,Wilsons Promontory,-38.830762,146.46792,8,23,,,1,Northern Territory
Bushfire - Blue Mountains and Illawarra,Bushfire,Sydney,-33.858767,151.207899,15,14,,,10,Western Australia
Bushfire - Black Tuesday Tasmania,Bushfire,"Hobart , Launceston",-42.187135,147.241698,7,62,,14000000,2,Tasmania
Bushfire - Gippsland,Bushfire,"Cooma (VIC) , Melbourne",-36.73991,147.536361,15,3,,,2,Victoria
Bushfire - Longwood District,Bushfire,Melbourne,-37.870356,144.593288,17,7,,,1,Victoria
Bushfire - Southern Victoria and Dandenong Ranges,Bushfire,Melbourne,-37.683973,144.87825,14,8,,,1,Victoria
Bushfire - Wandilo,Bushfire,Mount Gambier (SA),-37.829611,140.780382,5,8,,,4,South Australia
Bushfire - Blue Mountains and Sydney Region,Bushfire,Sydney,-33.833379,151.275825,30,4,,,11,Northern Territory
"Bushfire - Black Sunday, Mt Lofty Ranges",Bushfire,Adelaide,-35.074298,138.351656,2,2,,,1,South Australia
Bushfire - Narollah Station,Bushfire,Charters Towers,-19.915997,146.217101,14,3,,,11,Queensland
Bushfire - Central and Southern Victoria,Bushfire,Melbourne,-38.215299,144.514416,1,10,,,1,Victoria
Bushfire - Australian Capital Territory and South-West New South Wales,Bushfire,"Canberra (NSW) , Dubbo , Hillston",-33.513353,148.017902,1,13,,,11,New South Wales
Bushfire - Sydney and Southern New South Wales,Bushfire,"Cooma (NSW) , Sydney , Wollongong",-35.283889,150.834741,13,6,,,1,New South Wales
Bushfire - Black Friday ,Bushfire,"Wollongong , Canberra (ACT) , Mount Gambier (VIC) , Murray Bridge (VIC) , Wilsons Promontory , Mount Gambier (SA) , Launceston , Melbourne",-37.8136,144.9631,13,71,,,1,Victoria
Bushfire - Gippsland,Bushfire,Melbourne,-36.73991,147.536361,4,9,,,2,Australian Capital Territory
Bushfire - Central Western NSW and Southern QLD,Bushfire,"Brisbane , Canberra (NSW) , Dubbo , Lismore (NSW)",-30.951782,151.010452,1,8,,,10,New South Wales
Bushfire - South East Victoria,Bushfire,Melbourne,-37.815784,144.958754,1,60,,,2,Victoria
Bushfire - Saltern Creek,Bushfire,Longreach,-23.609965,144.232325,16,5,,,9,South Australia
Bushfire - Warenda Station Hughenden,Bushfire,Boulia,-22.912066,140.187821,29,3,,,9,Western Australia
Bushfire - Widespread Victoria,Bushfire,"Cooma (VIC) , Mount Gambier (VIC) , Wilsons Promontory , Melbourne",-37.866174,145.391067,1,12,,,1,Victoria
Cyclone Sigma ,Cyclone,"Brisbane , Townsville",-27.4698,153.0251,1896,18,,,1,New South Wales
Cyclone - Darwin,Cyclone,Darwin,-12.45321,130.838158,1897,28,,,1,Northern Territory
Cyclone - Gulf of Carpentaria,Cyclone,Mornington Island,-16.505537,138.883541,1887,7,,,3,Northern Territory
Cyclone Mahina,Cyclone,Cooktown,-15.536532,145.195549,1899,400,,,3,Queensland
Cyclone Veronica,Cyclone,Port Hedland,-20.218449,118.584975,20,,,26700000,3,Western Australia
Cyclone Marcus,Cyclone,Darwin,-12.470079,130.839774,15,,,75000000,3,Northern Territory
Cyclone Debbie,Cyclone,Airlie Beach,-19.936039,149.066548,28,10,,,3,Queensland
Cyclone Marcia,Cyclone,Shoalwater Bay,-22.368656,150.225582,15,,,404000000,2,Western Australia
Cyclone Oswald,Cyclone,Cape York Peninsula,-13.534104,142.258198,21,6,,1100000000,1,Western Australia
Cyclone Yasi,Cyclone,"Ayr , Cairns , Townsville",-18.586959,146.652665,2,1,,1405000000,2,Queensland
Cyclone George,Cyclone,Port Hedland,-20.431225,118.544798,3,3,,8000000,3,Western Australia
Cyclone Larry,Cyclone,Cairns,-16.987637,145.855657,20,,,540000000,3,Queensland
Cyclone Tessi,Cyclone,Townsville,-19.341045,146.958954,2,,,15000000,4,Queensland
Cyclone Steve,Cyclone,Cairns,-16.890787,145.718968,27,1,,11000000,2,Queensland
Cyclone Vance,Cyclone,"Dampier , Exmouth Gulf , Port Hedland",-21.088611,116.537335,18,,,35000000,3,Western Australia
Cyclone Justin,Cyclone,"Cairns , Townsville",-18.201991,146.212139,6,2,,,3,Queensland
Cyclone Bobby,Cyclone,Dampier,-20.802031,116.701293,24,8,,11000000,2,Western Australia
Cyclone Rewa,Cyclone,Brisbane,-27.302276,152.983492,31,4,,,12,Western Australia
Cyclone Nancy,Cyclone,"Brisbane , Lismore (QLD)",-28.087412,153.138568,3,6,,33000000,2,Queensland
Cyclone Aivu,Cyclone,"Brisbane , Lismore (QLD) , Mackay , Rockhampton , Lismore (NSW)",-26.256918,152.075707,4,3,,26000000,4,New South Wales
Cyclone Herbie,Cyclone,Dampier,-20.684852,116.747869,21,,,20000000,5,Western Australia
Cyclone Winifred,Cyclone,Cairns,-16.776411,145.544381,27,3,,40000000,1,Queensland
Cyclone Hazel,Cyclone,Carnarvon,-24.728989,113.848111,1,15,,15000000,3,Western Australia
Cyclone Alby,Cyclone,Perth,-32.022535,115.742871,27,5,,13000000,3,Western Australia
Cyclone Joan,Cyclone,Port Hedland,-20.276099,118.262068,8,,,20000000,12,Western Australia
Cyclone Tracy,Cyclone,Darwin,-12.044989,131.25964,25,71,,200000000,12,Northern Territory
Cyclone Emily,Cyclone,"Bundaberg , Rockhampton",-23.960965,151.325194,27,8,,,3,Queensland
Cyclone Althea,Cyclone,Townsville,-19.247742,146.834941,24,3,,25000000,12,Queensland
Cyclone Ada,Cyclone,Mackay,-21.115675,149.163786,17,14,,12000000,1,Queensland
Cyclone Audrey,Cyclone,Coburg Peninsula,-11.631458,132.479845,28,4,,,2,Northern Territory
Cyclone Glenda,Cyclone,Brisbane,-27.321062,152.892826,2,6,,,4,New South Wales
Cyclone Agnes,Cyclone,Cairns,-16.812407,145.696323,6,4,,,3,Queensland
Cyclone - Mackay,Cyclone,Mackay,-21.1411,149.186,7,8,,,3,Queensland
Cyclone - The Great Gold coast cyclone Southern Queensland and Northern New South Wales,Cyclone,"Brisbane , Lismore (QLD)",-28.078422,152.975059,19,26,,,2,New South Wales
Cyclone - TC119 Coastal Queensland and New South Wales,Cyclone,"Brisbane , Cairns , Sydney",-26.127178,150.11717,16,7,,,1,New South Wales
Cyclone - Rockhampton,Cyclone,"Bundaberg , Rockhampton",-24.122628,151.429045,2,4,,,3,Queensland
Cyclone - Cape York and Townsville,Cyclone,"Cairns , Townsville",-18.062813,146.236578,12,75,,,3,Queensland
Cyclone - Innisfail ,Cyclone,Cairns,-16.9186,145.778,10,37,,,3,Queensland
Cyclone - Mackay ,Cyclone,Mackay,,,20,30,,,1,
Cyclone - Balla Balla,Cyclone,Port Hedland,-20.304791,118.527996,20,173,,,3,Western Australia
"Cyclone - Broome, Lacepede Islands",Cyclone,"Broome, Lacepede Islands",-17.953496,122.234252,25,142,,,3,Western Australia
Cyclone Broome,Cyclone,Broome,-17.959023,122.258848,19,40,,,11,Western Australia
Cyclone - Cooktown,Cyclone,Cooktown,-15.326993,145.196941,19,9,,,1,Queensland
Cyclone Leonta,Cyclone,Townsville,-19.334295,146.640943,9,10,,,3,Northern Territory
Earthquake - Christchurch - New Zealand,Earthquake,Outside Territorial Waters,-24.826589,109.869075,22,185,,370000000,2,Western Australia
Earthquake - Sumatra,Earthquake,Outside Territorial Waters,-24.882318,109.556772,30,1117,,,9,Western Australia
"Earthquake â€“ Hunter Valley, Ellalong and Cessnock",Earthquake,Sydney,-33.910552,151.170184,6,,,37200000,8,Northern Territory
Earthquake - Newcastle,Earthquake,Sydney,-34.045295,151.340747,28,13,,862000000,12,Australian Capital Territory
Earthquake - Meckering and Region,Earthquake,Merredin,-31.473953,118.286546,14,,,1500000,10,Western Australia
Earthquake - Victoria ,Earthquake,Alpine National Park,,,22,,,110533377,9,Victoria
Flood - Bolwarra,Flood,Sydney,-33.837105,151.237391,1857,26,,,7,Western Australia
Flood - Gundagai,Flood,Canberra (NSW),-35.276484,149.125819,1852,89,,,6,New South Wales
Flood - Mid-North South Australia,Flood,"Adelaide , Leigh Creek , Murray Bridge (SA)",-33.632679,138.760129,1889,5,,,4,South Australia
Flood - Araluen and Braidwood,Flood,Wollongong,-34.66772,150.931275,1860,24,,,2,Australian Capital Territory
Flood -  Widespread New South Wales (including Queensland and South Australia),Flood,"Bourke , Broken Hill , Danggali (NSW) , Swan Hill (NSW)",-32.748051,143.551594,1890,9,,,4,New South Wales
"Flood - Black February. Brisbane, Ipswich and Maryborough",Flood,"Brisbane , Bundaberg",-26.178393,152.936381,1893,35,,,2,New South Wales
Flood - Maitland,Flood,Maitland,-32.734152,151.553868,1893,8,,,3,Australian Capital Territory
Flood - Katherine and Daly River,Flood,"Katherine , Victoria River",-25.941055,138.48519,1879,6,,,2,Victoria
Flood - Clermont and Peak Downs,Flood,Clermont,-22.823941,147.636531,1870,15,,,2,Northern Territory
Flood - Widespread New South Wales and Queensland,Flood,New South Wales,-31.092078,147.567122,1863,10,,,2,New South Wales
Flood - Nowra,Flood,Wollongong,-34.465499,150.791591,1860,16,,,1,Australian Capital Territory
South-east Queensland Heavy rainfall and floods,Flood,Queensland,-20.904142,142.573086,8,1,,896000000,2,Queensland
Flood - Hobart flash flooding,Flood,Hobart,-42.7066,147.235305,10,,,137000000,5,Tasmania
Flood - south-eastern Australia,Flood,National,-25.273194,133.782873,1,1,,,9,South Australia
"Flood - Tasmania, 2016",Flood,"Mersey, Forth, Meander, North Esk, South Esk, Macquarie, Ouse, Huon and Derwent Rivers",-40.783273,146.904191,1,3,,180000000,6,Tasmania
Flood - Victoria,Flood,Cooma (VIC),-36.241757,148.756867,26,,,108212000,2,Victoria
Flood - New South Wales,Flood,"Bourke , Broken Hill , Canberra (NSW) , Cooma (NSW) , Dubbo , Narrabi , Swan Hill (NSW) , Sydney , Tamworth , Tibooburra (NSW) , Wollongong",-33.122401,147.812078,24,3,,108212000,1,New South Wales
Flood - Queensland,Flood,"Cairns , Cape York , Charters Towers , Cooktown , Gunpowder , Mackay , Mitchell River , Mornington Island , Normanton , Torres Strait , Townsville , Weipa",-16.287458,143.766069,24,1,,124688000,1,Queensland
Flood - Northern NSW - Moree,Flood,"Moree (NSW) , Narrabi , Tamworth",-30.290376,150.366085,27,1,,,11,New South Wales
Flood - Victoria ,Flood,"Mount Gambier (VIC) , Murray Bridge (VIC) , Swan Hill (VIC) , Melbourne",-37.8136,144.9631,12,,,122465000,1,Victoria
"Flood - Warum, Kimberly",Flood,Kimberly,-17.00044,127.999594,10,,,17500000,3,Western Australia
Flood - Queensland,Flood,Brisbane,-16.287458,143.766069,30,33,,2380000000,11,Queensland
Flood - Gascoyne river,Flood,Gascoyne River,-23.499928,115.00085,16,,,90000000,12,Western Australia
Flood - Queensland ,Flood,"Blackall , Brisbane , Charleville , Clermont , Eromanga , Moree (QLD) , Roma , Taroom , Windorah",-27.4698,153.0251,28,,,46700000,2,Queensland
Flood - Northern New South Wales,Flood,Lismore (NSW),-28.94687,153.554323,20,1,,48000000,5,New South Wales
Flood - Mid and North Coast ,Flood,Tamworth,-31.083,150.866,31,,,37000000,3,New South Wales
Flood - North Queensland,Flood,"Cairns , Townsville",-17.77499,146.005155,31,1,,19000000,1,Queensland
Flood - North Queensland ,Flood,"Cairns , Townsville",-19.2576,146.8178,12,,,19000000,1,Queensland
Flood - Mackay,Flood,"Blackall , Bundaberg , Cairns , Cape York , Charters Towers , Clermont , Cooktown , Croydon , Longreach , Mackay , Mitchell River , Normanton , Rockhampton , Taroom , Townsville , Weipa",-19.57672,145.835448,14,,,410000000,2,Northern Territory
Flood - North Coast New South Wales ,Flood,Lismore (NSW),-28.8123,153.2958,4,,,15000000,1,New South Wales
Flood - Queensland,Flood,"Ayr , Birdsville , Blackall , Boulia , Cairns , Cape York , Charleville , Charters Towers , Clermont , Cooktown , Coringa Islets , Croydon , Cunnamulla (QLD) , Eromanga , Longreach , Mackay , Mitchell River , Moree (QLD) , Mornington Island , Mount Isa , Normanton , Osprey Reef , Richmond , Rockhampton , Roma , Taroom , Tibooburra (QLD) , Townsville , Weipa , Windorah , Winton",-16.287458,143.766069,1,,,70000000,1,Queensland
Flood - South East Queensland ,Flood,"Brisbane , Lismore (QLD)",-27.4698,153.0251,27,,,15000000,12,Queensland
Flood - Gippsland,Flood,"Cooma (VIC) , Wilsons Promontory , Melbourne",-38.240682,146.700006,27,1,,15000000,6,Victoria
Flood - Gawler river,Flood,Gawler River,-34.721021,138.639582,8,,,40000000,11,South Australia
Flood - North East New South Wales,Flood,Lismore (NSW),-28.819641,153.261976,29,1,,25000000,6,New South Wales
Flood - South East Queensland,Flood,Lismore (QLD),-28.062455,153.301818,29,2,,53900000,6,Queensland
"Flood - Brisbane, Sunshine Coast, and Gold Coast",Flood,Brisbane,-27.790585,153.42097,9,2,,37000000,3,New South Wales
"Flood - Grafton, Kempsey and North Coast New South Wales ",Flood,"Lismore (NSW) , Tamworth",-28.8123,153.2958,5,,,25000000,3,New South Wales
Flood - North and Central Queensland,Flood,"Cairns , Townsville",-18.070816,146.336401,5,,,12000000,2,Queensland
Flood - Melbourne and Central Victoria,Flood,Melbourne,-37.662515,144.895409,26,,,10000000,12,Victoria
Flood - Switzerland Gorge Flash Flood,Flood,Outside Territorial Waters,-24.473232,109.765463,27,21,,,7,Western Australia
Flood - Sydney and Wollongong,Flood,"Sydney , Wollongong",-34.149113,151.051125,17,1,,40000000,8,Australian Capital Territory
Flood - Katherine Floods,Flood,Katherine,-14.39673,132.262329,25,3,,70000000,1,Northern Territory
Flood - Townsville,Flood,"Cairns , Townsville",-18.115766,146.259052,10,1,,71000000,1,Queensland
Flood - Southern Queensland and Northern New South Wales,Flood,"Brisbane , Lismore (NSW)",-28.159372,153.146826,1,5,,31000000,5,New South Wales
Flood - North-Eastern Victoria,Flood,Melbourne,-38.168853,145.156508,3,,,12000000,10,Victoria
"Flood - Gnarr Creek, Ballarat",Flood,Melbourne,-37.791801,144.841461,16,,,24000000,12,Victoria
Flood - Boonah,Flood,Brisbane,-27.453555,152.871171,7,3,,,2,New South Wales
Flood - Gulf Country ,Flood,"Cairns , Rockhampton",-16.9186,145.778,23,6,,32000000,12,Northern Territory
"Flood - Queensland - Charleville, New South Wales - Nyngan, Victoria - Gippsland",Flood,"Brisbane , Lismore (NSW) , Melbourne",-31.31405,150.278316,18,6,,30000000,4,New South Wales
"Flood - Gympie, Southern Queensland, and Eastern New South Wales",Flood,"Brisbane , Lismore (QLD)",-27.859422,152.689516,25,3,,,4,New South Wales
Flood - Lismore,Flood,Lismore (NSW),-28.797386,153.25714,7,,,25000000,4,New South Wales
Flood - Alice Springs and Central NT,Flood,Alice Springs,-23.722713,133.888682,31,3,,10000000,3,Northern Territory
Flood - Sydney,Flood,Sydney,-33.32949,151.037219,4,6,,35000000,8,Australian Capital Territory
Flood - Sydney,Flood,Sydney,-33.32949,151.037219,8,,,80000000,11,Australian Capital Territory
Flood - Dalby,Flood,Brisbane,-27.781769,153.054359,1,1,,20000000,2,New South Wales
"Flood - Sydney, Newcastle and Wollongong",Flood,Sydney,-33.868989,151.209569,10,6,,15000000,2,Australian Capital Territory
Flood - Sydney,Flood,Sydney,-33.32949,151.037219,9,,,15000000,3,Australian Capital Territory
Flood - Western Sydney,Flood,Sydney,-33.882575,151.122715,24,1,,20000000,4,Australian Capital Territory
Flood - Brisbane River,Flood,Brisbane,-27.439092,153.29633,25,13,,68000000,1,New South Wales
Flood - Eastern Australia,Flood,"Brisbane , Dubbo , Lismore (NSW) , Sydney , Tamworth , Wollongong , Coober Pedy , Oodnadatta , Launceston , Melbourne",-32.300832,146.943953,25,14,,68000000,1,New South Wales
"Flood - Queensland, Northern Territory and Western Australia",Flood,"Birdsville , Cooktown , Longreach , Mornington Island , Mount Isa",-20.461923,141.428478,2,,,30000000,3,Queensland
Flood - Woden Valley,Flood,Canberra (ACT),-35.267683,149.120716,26,7,,,1,Australian Capital Territory
Flood - Central Coast,Flood,"Ayr , Charters Towers , Mackay , Townsville",-19.95164,146.884169,16,3,,,2,Northern Territory
Flood - Hunter Valley ,Flood,Sydney,-33.8688,151.2093,22,24,,,2,Northern Territory
Flood - Northern New South Wales ,Flood,Lismore (NSW),-28.8123,153.2958,20,22,,,2,New South Wales
Flood - Eastern New South Wales,Flood,Sydney,-33.947634,151.248427,1,5,,,6,New South Wales
"Flood - Sydney, North Coast, and North Western Districts",Flood,Sydney,-33.865127,151.224735,16,10,,,1,Australian Capital Territory
Flood - Burdekin River,Flood,"Ayr , Townsville",-19.188562,147.08159,7,3,,,4,Queensland
"Flood - Melbourne, Yarra Valley",Flood,"Cooma (VIC) , Wilsons Promontory , Melbourne",-37.730475,146.350774,30,36,,,11,Victoria
Flood - Widespread Queensland,Flood,"Blackall , Cairns , Charleville , Charters Towers , Longreach , Mackay , Mount Isa , Townsville , Winton",-21.643655,145.187937,20,6,,,1,Queensland
Flood - Tasmania,Flood,"Hobart , Launceston",-42.232823,147.195396,3,22,,,4,Tasmania
Flood - Widespread Coastal,Flood,"Brisbane , Cairns , Lismore (QLD) , Townsville",-22.870187,149.518506,20,3,,,2,Queensland
Flood - Queensland South Coast,Flood,"Brisbane , Dubbo",-29.634651,151.075267,18,9,,,4,Queensland
Flood - South East Queensland,Flood,Brisbane,-28.062455,153.301818,14,5,,,2,Queensland
"Flood - Toowoomba, Miles, Cairns, and Townsville",Flood,"Brisbane , Cairns , Roma , Townsville",-22.404776,148.784375,10,47,,,2,Queensland
"Flood - Toowoomba, Miles, Cairns, and Townsville",Flood,Cairns,-22.404776,148.784375,9,47,,,2,Queensland
Flood - Hughenden,Flood,Hughenden,-20.716018,144.227424,1,5,,,1,Queensland
Flood - Clermont and Peak Downs,Flood,Clermont,-22.823941,147.636531,27,61,,,12,Northern Territory
Bolwara Flood,Flood,Bolwarra,-32.684374,151.504998,1857,26,,,7,Western Australia
Flood - Melbourne and Victoria ,Flood,Melbourne,-37.8136,144.9631,29,36,,,11,Victoria
Flood - Geelong,Flood,Geelong,-38.004526,144.309072,27,,,11700000,1,Victoria
Flood - Nowra Flood,Flood,Nowra,-34.903366,150.620156,1860,16,,,2,Australian Capital Territory
"Severe Storm - Thunderstorm Asthma, 2016",Storm,Melbourne,-37.813255,144.963273,21,9,,,11,Victoria
"Hail - North Sydney hailstorm, 2017",Storm,North sydney,-33.960261,151.05091,18,,,328000000,2,Australian Capital Territory
Hail - Sydney,Storm,Sydney,-34.033591,150.999672,9,,,415000000,12,Australian Capital Territory
Hail - Lismore,Storm,Lismore (NSW),-28.214401,153.217536,8,,,97000000,10,New South Wales
Hail - Sydney Hailstorm,Storm,Sydney,-34.100969,151.191418,25,,,470819649,4,Australian Capital Territory
Hail - Lake Grace,Storm,Bunbury,-33.39481,115.30505,16,,,10000000,10,Western Australia
Storm - Severe storm Sydney,Storm,Sydney,-33.885924,150.56073,16,,,220000000,12,Australian Capital Territory
Hail - Gold Coast ,Storm,Brisbane,-27.4698,153.0251,12,,,61000000,10,New South Wales
Hail - Brisbane,Storm,Brisbane,-27.859207,153.345955,19,,,17600000,5,New South Wales
Hail - South East Queensland,Storm,"Brisbane , Bundaberg , Lismore (QLD)",-27.07056,152.89563,24,1,,28500000,1,Queensland
Hail - Sydney,Storm,Sydney,-34.033591,150.999672,14,1,,1700000000,4,Australian Capital Territory
Hail - Brisbane and Region,Storm,Brisbane,-27.524632,152.616334,16,,,76000000,12,New South Wales
Hail - Singleton,Storm,Sydney,-33.875144,151.208522,11,,,49000000,12,Australian Capital Territory
Hail - Armidale and Tamworth,Storm,Tamworth,-31.227745,150.955254,29,,,104000000,9,Australian Capital Territory
Hail - Brisbane and South East Queensland,Storm,Brisbane,-27.623537,153.100563,3,1,,40000000,11,Queensland
Hail - Adelaide,Storm,Adelaide,-34.929797,138.602243,22,,,30000000,1,South Australia
Hail - Western Sydney,Storm,Sydney,-33.928777,151.377675,18,,,319000000,3,Australian Capital Territory
Hail - Western Sydney,Storm,Sydney,-33.928777,151.377675,3,,,104000000,10,Australian Capital Territory
Hail - Orange,Storm,Dubbo,-32.017915,148.789123,21,,,25000000,1,New South Wales
Hail - Brighton ,Storm,Brisbane,-27.4698,153.0251,16,,,15000000,12,New South Wales
Hail - Port Broughton,Storm,Whyalla,-33.323414,137.940373,14,,,10000000,11,South Australia
Hail - Toowoomba,Storm,Brisbane,-27.485043,153.286746,9,,,12000000,1,New South Wales
Severe Storm - Melbourne,Storm,Melbourne,-37.373296,144.809656,25,,,680700000,12,Victoria
"Severe Storm - Melbourne, Victoria",Storm,Melbourne,-38.402492,144.988123,4,,,418670000,2,Victoria
Severe Storm - Perth,Storm,Perth,-31.829985,115.837779,22,,,1053000000,3,Western Australia
"Severe Storm - Melbourne, Victoria",Storm,Melbourne,-38.402492,144.988123,6,,,1044000000,3,Victoria
Severe Storm - South East Queensland,Storm,Brisbane,-27.549514,153.422457,16,1,,309000000,11,Queensland
Severe Storm - Southern States Windstorms,Storm,"Adelaide , Mount Gambier (SA) , Murray Bridge (SA) , Hobart , Launceston , Melbourne",-38.659907,142.855721,2,2,,65000000,4,South Australia
Severe Storm - South East Queensland and Northern New South Wales,Storm,"Brisbane , Bundaberg , Lismore (QLD) , Roma",-26.934155,151.857151,7,,,97000000,10,New South Wales
Severe Storm - New South Wales East Coast Low,Storm,Sydney,-33.924353,151.141154,8,9,,1480000000,6,New South Wales
Severe Storm - Northern New South Wales,Storm,Lismore (NSW),-28.852505,153.240626,30,1,,25000000,6,New South Wales
Severe Storm - Bunbury and South Perth,Storm,"Bunbury , Perth",-32.4646,115.224723,16,,,53200000,5,Western Australia
"Severe Storm - New South Wales, Victoria, Australian Capital Territory, Tasmania and South Australia",Storm,"Sydney , Wollongong , Canberra (ACT) , Cooma (VIC) , Adelaide , Melbourne",-35.393782,147.265914,1,,,216700000,2,New South Wales
"Severe Storm - South East Queensland, Northern New South Wales, Northern Western Australia. Northern Territory",Storm,"Brisbane , Lismore (NSW) , Broome , Katherine",-22.17177,140.239195,3,3,,,3,New South Wales
Severe Storm - South Eastern Australia,Storm,"Sydney , Wollongong , Canberra (ACT) , Cooma (VIC) , Warrnambool (VIC) , Wilsons Promontory , Hobart , Melbourne",-37.383197,147.620608,24,1,,25000000,8,Victoria
Severe Storm - Sydney,Storm,Sydney,-33.960423,151.23445,16,,,10000000,2,Australian Capital Territory
"Severe Storm - Grafton, Kingscliff and Lismore",Storm,Lismore (NSW),-28.774488,153.267779,16,,,10000000,1,New South Wales
"Severe Storm - Sydney, Hunter Valley and Northern Regions",Storm,"Sydney , Tamworth , Wollongong",-33.129049,151.01053,3,2,,30000000,12,Northern Territory
Severe Storm - Eastern New South Wales,Storm,Sydney,-33.880426,151.215668,18,3,,30000000,11,New South Wales
Severe Storm - Casino and Region,Storm,Lismore (NSW),-28.568309,152.894808,17,,,35000000,1,New South Wales
Severe Storm - Sydney and Region,Storm,"Sydney , Wollongong",-34.154794,151.038583,15,,,12000000,1,Australian Capital Territory
Storm - Melbourne,Storm,Melbourne,-37.847384,144.960189,27,3,,,8,Victoria
Severe Storm - Dubbo,Storm,Dubbo,-32.248326,148.576834,6,,,15000000,1,New South Wales
"Severe Storm - Sydney, Wollongong and South Coast ",Storm,"Sydney , Wollongong",-33.8688,151.2093,24,,,45000000,10,Australian Capital Territory
Severe Storm - Kosciuszko NP ,Storm,Cooma (NSW),-36.235,149.125,7,4,,,8,New South Wales
Severe Storm - Warwick ,Storm,"Brisbane , Lismore (QLD)",-27.4698,153.0251,13,,,23000000,10,Queensland
"Severe Storm - Hunter Valley, Tablelands and Southern Highlands",Storm,"Sydney , Wollongong",-34.229385,150.474354,23,1,,12000000,6,Northern Territory
Severe Storm - Ipswich,Storm,Brisbane,-27.399807,152.945844,10,3,,,4,New South Wales
Severe Storm - Sydney,Storm,Sydney,-33.960423,151.23445,9,1,,10000000,4,Australian Capital Territory
Severe Storm - Sydney and Regions,Storm,"Dubbo , Sydney , Tamworth",-32.904587,149.928987,4,,,12000000,2,Australian Capital Territory
Severe Storm - Nyngan,Storm,Bourke,-30.085722,145.939762,5,,,12000000,1,New South Wales
Severe Storm - Coffs Harbour,Storm,Tamworth,-30.713315,150.410217,23,1,,20000000,11,New South Wales
Storm - Queensland Floods and Storms,Storm,Central and South East Queensland,-26.663903,152.067467,31,,,957000000,10,Queensland
Severe Storm - New England and Hunter Valley,Storm,"Sydney , Tamworth",-32.477517,151.131807,17,1,,10000000,11,Northern Territory
Severe Storm - Illawarra and Sydney,Storm,"Sydney , Wollongong",-33.965478,151.301027,31,,,10000000,8,Western Australia
Severe Storm - Hunter Valley and Mid North Coast,Storm,Sydney,-33.913426,151.704841,30,,,10000000,11,Northern Territory
Severe Storm - Sydney and Blue Mountains ,Storm,Sydney,-33.8688,151.2093,20,2,,29000000,11,Northern Territory
Severe Storm - South Eastern Australia,Storm,"Sydney , Canberra (ACT) , Melbourne",-37.383197,147.620608,6,1,,,11,Australian Capital Territory
"Severe Storm - Perth, Mandurah and South-West Coast",Storm,"Bunbury , Geraldton , Perth",-31.307599,115.319829,23,,,37000000,5,Western Australia
Severe Storm - Sydney,Storm,Sydney,-33.960423,151.23445,12,,,118000000,2,Australian Capital Territory
Severe Storm - Orbost,Storm,Cooma (VIC),-36.232629,149.12103,24,,,12000000,1,Victoria
Severe Storm - Sydney,Storm,Sydney,-33.960423,151.23445,21,1,,138400000,1,Australian Capital Territory
Severe Storm - Ballarat,Storm,Melbourne,-37.671247,144.461893,16,,,20000000,11,Victoria
Severe Storm - Adelaide,Storm,Adelaide,-35.219307,138.467555,6,,,10000000,12,Victoria
"Severe Storm - Newcastle, Sydney, Wollongong",Storm,"Sydney , Wollongong",-34.157808,151.336693,10,,,15000000,2,Australian Capital Territory
Severe Storm - Sydney,Storm,Sydney,-33.960423,151.23445,21,1,,15000000,1,Australian Capital Territory
Severe Storm - Western Sydney,Storm,Sydney,-33.752676,151.149453,9,,,732000000,11,Australian Capital Territory
Storm - Brisbane,Storm,Brisbane,-27.443505,153.008447,27,,,1040000000,11,New South Wales
Severe Storm - Sydney,Storm,Sydney,-33.960423,151.23445,25,4,,,1,Australian Capital Territory
Storm - Sydney Hailstorm,Storm,Sydney,-33.450915,151.15646,14,1,,1700000000,4,Australian Capital Territory